{"cameraMode":{"drawMode":0,"name":"Shaded","section":"Shading Mode"},"sceneLighting":false,"audioPlay":false,"sceneViewState":{"showFog":true,"showMaterialUpdate":true,"showSkybox":true,"showFlares":true,"showImageEffects":true,"showParticleSystems":true},"in2DMode":false,"pivot":{"x":-4.080866347067058e-7,"y":-4.9112713895738128e-11,"z":0.000008099743354250677},"rotation":{"x":0.09758701920509339,"y":0.6563612818717957,"z":-0.08620008081197739,"w":0.7431259751319885},"size":0.00005715767838410102,"orthographic":false}