{"cameraMode":{"drawMode":0,"name":"Shaded","section":"Shading Mode"},"sceneLighting":false,"audioPlay":false,"sceneViewState":{"showFog":true,"showMaterialUpdate":true,"showSkybox":true,"showFlares":true,"showImageEffects":true,"showParticleSystems":true},"in2DMode":false,"pivot":{"x":0.052000001072883609,"y":0.49799999594688418,"z":-9.999001502990723},"rotation":{"x":0.355506032705307,"y":0.031492553651332858,"z":-0.011984052136540413,"w":0.9340664744377136},"size":0.5854429602622986,"orthographic":false}