{"cameraMode":{"drawMode":0,"name":"Shaded","section":"Shading Mode"},"sceneLighting":false,"audioPlay":false,"sceneViewState":{"showFog":true,"showMaterialUpdate":true,"showSkybox":true,"showFlares":true,"showImageEffects":true,"showParticleSystems":true},"in2DMode":false,"pivot":{"x":-139.37899780273438,"y":2.167008399963379,"z":-76.02999877929688},"rotation":{"x":-0.2691856026649475,"y":0.7299897074699402,"z":-0.4234822988510132,"w":-0.46402254700660708},"size":13.914563179016114,"orthographic":false}