{"cameraMode":{"drawMode":0,"name":"Shaded","section":"Shading Mode"},"sceneLighting":false,"audioPlay":false,"sceneViewState":{"showFog":true,"showMaterialUpdate":true,"showSkybox":true,"showFlares":true,"showImageEffects":true,"showParticleSystems":true},"in2DMode":false,"pivot":{"x":-0.018085479736328126,"y":2.708629608154297,"z":0.008142471313476563},"rotation":{"x":0.2057127058506012,"y":0.613524854183197,"z":-0.16980601847171784,"w":0.7432600855827332},"size":10.194018363952637,"orthographic":false}