{"cameraMode":{"drawMode":0,"name":"Shaded","section":"Shading Mode"},"sceneLighting":false,"audioPlay":false,"sceneViewState":{"showFog":true,"showMaterialUpdate":true,"showSkybox":true,"showFlares":true,"showImageEffects":true,"showParticleSystems":true},"in2DMode":false,"pivot":{"x":0.0000057220458984375,"y":0.9359624981880188,"z":-11.166997909545899},"rotation":{"x":0.355506032705307,"y":0.031492553651332858,"z":-0.011984052136540413,"w":0.9340664744377136},"size":4.653216361999512,"orthographic":false}