{"cameraMode":{"drawMode":0,"name":"Shaded","section":"Shading Mode"},"sceneLighting":false,"audioPlay":false,"sceneViewState":{"showFog":true,"showMaterialUpdate":true,"showSkybox":true,"showFlares":true,"showImageEffects":true,"showParticleSystems":true},"in2DMode":false,"pivot":{"x":-0.016062021255493165,"y":0.401061475276947,"z":-0.05371403694152832},"rotation":{"x":0.17500700056552888,"y":0.6391671299934387,"z":-0.152565136551857,"w":0.7331861257553101},"size":6.983023166656494,"orthographic":false}