{"cameraMode":{"drawMode":0,"name":"Shaded","section":"Shading Mode"},"sceneLighting":false,"audioPlay":false,"sceneViewState":{"showFog":true,"showMaterialUpdate":true,"showSkybox":true,"showFlares":true,"showImageEffects":true,"showParticleSystems":true},"in2DMode":false,"pivot":{"x":2.4472532272338869,"y":0.8222759962081909,"z":-12.78559684753418},"rotation":{"x":0.355506032705307,"y":0.031492553651332858,"z":-0.011984052136540413,"w":0.9340664744377136},"size":3.0881690979003908,"orthographic":false}