{"cameraMode":{"drawMode":0,"name":"Shaded","section":"Shading Mode"},"sceneLighting":false,"audioPlay":false,"sceneViewState":{"showFog":true,"showMaterialUpdate":true,"showSkybox":true,"showFlares":true,"showImageEffects":true,"showParticleSystems":true},"in2DMode":false,"pivot":{"x":0.0777902603149414,"y":0.3903822898864746,"z":-0.22887887060642243},"rotation":{"x":0.06241927295923233,"y":0.727729082107544,"z":-0.06683327257633209,"w":0.6797407865524292},"size":5.1322922706604,"orthographic":false}