{"cameraMode":{"drawMode":0,"name":"Shaded","section":"Shading Mode"},"sceneLighting":false,"audioPlay":false,"sceneViewState":{"showFog":true,"showMaterialUpdate":true,"showSkybox":true,"showFlares":true,"showImageEffects":true,"showParticleSystems":true},"in2DMode":false,"pivot":{"x":0.0,"y":0.24716997146606446,"z":-0.035631418228149417},"rotation":{"x":0.17500700056552888,"y":0.6391671299934387,"z":-0.152565136551857,"w":0.7331861257553101},"size":7.040898323059082,"orthographic":false}