{"cameraMode":{"drawMode":0,"name":"Shaded","section":"Shading Mode"},"sceneLighting":false,"audioPlay":false,"sceneViewState":{"showFog":true,"showMaterialUpdate":true,"showSkybox":true,"showFlares":true,"showImageEffects":true,"showParticleSystems":true},"in2DMode":false,"pivot":{"x":-1.974928379058838,"y":0.27985119819641116,"z":-2.6545400619506838},"rotation":{"x":-0.1870163083076477,"y":0.22914589941501618,"z":-0.0449056550860405,"w":-0.9542015194892883},"size":5.335916996002197,"orthographic":false}